Full Name,Age,City,password,phone
Kai Le,47,Columbus,Kai Le,9986788977
Robert Patel,58,Chicago,Robert Patel,8897979688
Cameron Lo,34,Shanghai,Cameron Lo,8966668789
Harper Castillo,39,Seattle,Harper Castillo,9976898887
Harper Dominguez,42,Austin,Harper Dominguez,9869798896
Ezra Vu,62,Phoenix,Ezra Vu,8899967888
Jade Hu,58,Chongqing,Jade Hu,7769766988
Miles Chang,62,Chengdu,Miles Chang,8987976999
Gianna Holmes,38,Seattle,Gianna Holmes,6998887887
Jameson Thomas,52,Miami,Jameson Thomas,8896998776
Jameson Pena,49,Miami,Jameson Pena,7898788779
Bella Wu,63,Phoenix,Bella Wu,6686696888
Jose Wong,45,Chongqing,Jose Wong,6898989698
Lucas Richardson,36,Miami,Lucas Richardson,8897898879
Jacob Moore,42,Phoenix,Jacob Moore,9969676899
Luna Lu,62,Miami,Luna Lu,6977778689
Bella Tran,45,Chengdu,Bella Tran,9686869669
Ivy Chau,61,Chongqing,Ivy Chau,8886689998
Jordan Kumar,29,Seattle,Jordan Kumar,6867887967
Sophia Gutierrez,63,Austin,Sophia Gutierrez,8898787887
Eli Dang,45,Chicago,Eli Dang,6899896689
Lillian Lewis,43,Phoenix,Lillian Lewis,8989898789
Serenity Cao,31,Shanghai,Serenity Cao,9776969897
Parker Lai,48,Chongqing,Parker Lai,9889667987
Charles Simmons,55,Miami,Charles Simmons,7676986898
Jayden Luu,64,Beijing,Jayden Luu,7896676768
Brooks Richardson,58,Seattle,Brooks Richardson,9866887979
Ivy Thompson,50,Seattle,Ivy Thompson,8896698687
Peyton Wright,41,Chicago,Peyton Wright,7879878976
Wyatt Dinh,50,Shanghai,Wyatt Dinh,9666666998
Ruby Alexander,59,Phoenix,Ruby Alexander,6888989788
Axel Oh,26,Chengdu,Axel Oh,9999776988
Axel Ramirez,55,Seattle,Axel Ramirez,7987996789
Liliana Chang,32,Shanghai,Liliana Chang,7679787887
Leonardo Carter,50,Austin,Leonardo Carter,7878698979
Landon Gonzales,54,Phoenix,Landon Gonzales,9989799879
Amelia Dominguez,31,Rio de Janeiro,Amelia Dominguez,7876798979
Silas Ross,47,Austin,Silas Ross,8998676866
Jeremiah Cheng,26,Shanghai,Jeremiah Cheng,7898879997
Chloe Chin,62,Seattle,Chloe Chin,7898667879
Ella Martinez,35,Chicago,Ella Martinez,9889888897
Gianna Jones,48,Columbus,Gianna Jones,9868868698
Austin Chow,35,Chongqing,Austin Chow,9977688777
Ella Chen,45,Phoenix,Ella Chen,6996967798
Ruby Kaur,26,Beijing,Ruby Kaur,9977888988
Savannah Morales,48,Chicago,Savannah Morales,9977687886
Luca Powell,33,Miami,Luca Powell,6876999878
Parker Thao,55,Chongqing,Parker Thao,6768967789
Ryan Vo,38,Phoenix,Ryan Vo,6986667888
Isabella Ngo,49,Miami,Isabella Ngo,7899979888
Leah Vega,52,Miami,Leah Vega,7878979786
Jaxson Liu,27,Chicago,Jaxson Liu,9688796688
Santiago f Ross,34,Columbus,Santiago f Ross,8969799786
Layla Bell,65,Chicago,Layla Bell,6898889966
Bella Morales,38,Austin,Bella Morales,9988776869
Eliza Kang,63,Phoenix,Eliza Kang,9869686998
Gabriel Reyes,42,Sao Paulo,Gabriel Reyes,7899688699
Piper Garcia,60,Sao Paulo,Piper Garcia,8888768997
Jacob Cheng,47,Columbus,Jacob Cheng,8988987987
Nathan Hong,50,Phoenix,Nathan Hong,7897889989
Chloe Kim,39,Miami,Chloe Kim,8989698799
Isaac Guzman,46,Phoenix,Isaac Guzman,7677688986
Julian Ford,50,Miami,Julian Ford,9878866887
Kinsley Liang,55,Shanghai,Kinsley Liang,6967787678
Wesley Yu,43,Seattle,Wesley Yu,8887888678
Serenity Martin,26,Phoenix,Serenity Martin,7876789689
Ethan Sanchez,34,Phoenix,Ethan Sanchez,9977979678
David Sanchez,38,Rio de Janeiro,David Sanchez,8886969978
Elias Hsu,35,Chengdu,Elias Hsu,8899889988
Luca Phan,39,Beijing,Luca Phan,7988679669
Olivia Xi,26,Chicago,Olivia Xi,8896897768
Alice Luu,60,Columbus,Alice Luu,9897799689
Leonardo Ng,32,Chengdu,Leonardo Ng,6999789786
Peyton Edwards,65,Columbus,Peyton Edwards,9796876798
Axel Patel,27,Miami,Axel Patel,7896868979
Eva Chavez,63,Sao Paulo,Eva Chavez,9898668686
Savannah Lee,51,Beijing,Savannah Lee,8899798867
Mia Grant,43,Columbus,Mia Grant,9766987989
Eli Richardson,31,Phoenix,Eli Richardson,7768869969
Eloise Perry,26,Chicago,Eloise Perry,9769776887
Ian Cheng,46,Phoenix,Ian Cheng,9999798999
Penelope Chan,59,Shanghai,Penelope Chan,7886676977
Sofia Vasquez,52,Sao Paulo,Sofia Vasquez,9987798889
Anthony Baker,31,Phoenix,Anthony Baker,9899966798
Lucas Luong,42,Chengdu,Lucas Luong,7866977668
Xavier Patel,53,Columbus,Xavier Patel,8879887988
Robert Soto,47,Rio de Janeiro,Robert Soto,6897787686
Nevaeh Jiang,45,Chengdu,Nevaeh Jiang,8877787786
Chloe Reyes,45,Phoenix,Chloe Reyes,6699679698
Lucy Edwards,33,Columbus,Lucy Edwards,7897998688
Luna Edwards,42,Seattle,Luna Edwards,6998968966
Stella Daniels,37,Columbus,Stella Daniels,6769778996
Ayla Ma,27,Shanghai,Ayla Ma,7987878969
Matthew Avila,55,Sao Paulo,Matthew Avila,9978799966
Gianna Lim,46,Chongqing,Gianna Lim,8987968999
Joseph Tan,37,Shanghai,Joseph Tan,9899967869
Connor Lai,32,Chicago,Connor Lai,6877779966
Ava Owens,28,Seattle,Ava Owens,6977988786
Dylan Aguilar,49,Sao Paulo,Dylan Aguilar,7967696967
Leah Zheng,52,Chengdu,Leah Zheng,9987899889
Jade Pham,61,Shanghai,Jade Pham,6966988986
Theodore Bui,53,Beijing,Theodore Bui,9898787987
Asher Chan,40,Shanghai,Asher Chan,8988977986
Ezekiel Brown,27,Miami,Ezekiel Brown,9976689898
Peyton Allen,26,Chicago,Peyton Allen,6667869699
Parker Joseph,53,Seattle,Parker Joseph,9869997687
Kayden Ortiz,33,Manaus,Kayden Ortiz,9969696896
Lillian Desai,27,Chengdu,Lillian Desai,6989767899
Avery Gutierrez,56,Phoenix,Avery Gutierrez,9988798976
Caroline Sandoval,36,Sao Paulo,Caroline Sandoval,6996899699
Hailey Lim,47,Chongqing,Hailey Lim,8888697699
Roman Liang,28,Chongqing,Roman Liang,9776666886
